Date,open,high,low,close,volume
2026-03-04,2575.7609535201655,2585.5733762002424,2531.997452542583,2539.2587890625,3446434
2026-03-05,2551.229777430436,2560.551578540278,2498.6350985020495,2530.427490234375,2960636
2026-03-06,2523.7550365456814,2570.069622274581,2505.7002751879877,2509.625244140625,3998643
2026-03-09,2482.54302502939,2511.9802941008847,2458.0119674698108,2479.99169921875,3653428
2026-03-10,2493.3365235176843,2497.45769299971,2443.39138949283,2465.9599609375,4323710
2026-03-11,2461.053921737681,2473.711851651557,2413.954291083466,2418.6640625,2720664
2026-03-12,2413.6596961153996,2426.513825649523,2390.3060830242093,2396.5859375,2752075
2026-03-13,2391.287343235487,2400.0203033629555,2352.0376535639975,2365.284423828125,2466488
2026-03-16,2364.793830777467,2379.5124645789865,2321.7173916761253,2364.0087890625,3807907
2026-03-17,2374.6063631722786,2374.6063631722786,2315.7318252423875,2346.837158203125,2993367
2026-03-18,2364.793804301608,2436.326267951688,2364.793804301608,2395.01611328125,3082388
2026-03-19,2371.6624152761565,2378.5311107279285,2306.115387909886,2311.806640625,2757060
2026-03-20,2341.2440023374425,2362.6351312433567,2319.8528734315287,2345.7578125,4206320
2026-03-23,2320.6378037995523,2361.6537756859007,2303.956686393805,2339.085205078125,3860515
2026-03-24,2359.0045869106293,2389.7172776589064,2334.47353068287,2353.803955078125,3420182
2026-03-25,2355.864368126978,2376.1762738846405,2325.3478785890734,2332.80517578125,5843778
2026-03-27,2358.8080275261386,2376.6668272056972,2340.262645780238,2344.97265625,4979411
2026-03-30,2330.5484146912077,2353.0187649541185,2302.1903717438945,2314.652099609375,6804756
2026-04-01,2383.437228779803,2425.6306420517385,2352.9205014959025,2363.02734375,4132661
2026-04-02,2341.24390183887,2423.570027038862,2331.1370592120925,2404.730224609375,5378361
2026-04-06,2427.593337237373,2435.4432752720936,2402.2772391631793,2427.4951171875,2572417
2026-04-07,2414.837240451596,2496.182129281132,2402.0810908677395,2492.1591796875,4516550
2026-04-08,2523.755016821873,2531.899375247164,2492.453485493659,2511.195068359375,4769337
2026-04-09,2506.0927992754805,2556.136155878084,2483.622446743067,2540.436279296875,5628261
2026-04-10,2517.671257898199,2517.671257898199,2454.1849361455575,2476.94970703125,10480239
2026-04-13,2443.195026142192,2457.9136601554055,2423.6684008424363,2426.2197265625,3739587
2026-04-15,2454.9699887251027,2510.9990192902537,2446.629429262826,2506.975830078125,5261384
2026-04-16,2523.754997213638,2545.3423261167095,2510.0176060935014,2528.56298828125,3905403
2026-04-17,2521.7923752088177,2540.435976426315,2507.9567647966655,2533.07666015625,2718206
2026-04-20,2538.571963483115,2545.3424392975157,2513.15764504414,2531.212646484375,2288558
2026-04-21,2511.9802240950007,2564.9673069470045,2511.9802240950007,2561.532958984375,2719959
2026-04-22,2531.6050998221144,2531.6050998221144,2456.6382849386455,2490.883544921875,5232045
2026-04-23,2481.5617226658205,2511.4896121641627,2469.0999936393873,2474.496826171875,2509050
2026-04-24,2441.3307179215667,2458.0118361710306,2343.991534636913,2351.939453125,5107719
2026-04-27,2351.9393059532576,2412.874541687738,2351.9393059532576,2401.6884765625,5853425
2026-04-28,2398.155951805419,2440.349366669426,2381.867235359066,2398.8427734375,4508363
2026-04-29,2405.024637022461,2441.2323784506298,2401.688509360205,2428.280029296875,2835961
2026-04-30,2432.4995485090735,2444.2744555611544,2392.26861608113,2427.4951171875,3970446
2026-05-01,2427.4951171875,2427.4951171875,2427.4951171875,2427.4951171875,0
2026-05-04,2447.2181772447047,2451.4375668418284,2379.512461835769,2385.6943359375,2632358
2026-05-05,2384.418837601779,2414.248508305356,2366.9526763935437,2381.76953125,3385720
2026-05-06,2396.0953597954776,2424.6496051586114,2361.3594798924314,2389.71728515625,3147628
2026-05-07,2392.4647422177254,2393.9366055534624,2353.018852732181,2356.35498046875,5829594
2026-05-08,2353.018651512491,2361.8498307717123,2330.5483023329007,2349.486083984375,3792199
2026-05-11,2326.5252955775945,2369.699953108347,2326.5252955775945,2348.014404296875,1975188
2026-05-12,2330.450360002076,2330.450360002076,2240.176072372522,2257.151611328125,6347884
2026-05-13,2262.7444282326155,2265.8843552424923,2226.4384681959255,2230.167236328125,3171843
2026-05-14,2222.513720137884,2222.513720137884,2165.012827845418,2203.8701171875,5633313
2026-05-15,2209.7575636145925,2261.665183205434,2209.7575636145925,2221.532470703125,3410637
2026-05-18,2221.5322685970373,2249.8900714309348,2209.953563101145,2240.3720703125,3773336
2026-05-19,2256.857213357978,2333.0017090765828,2254.0117066090534,2283.448974609375,10394707
2026-05-20,2280.308816116464,2298.0693970332622,2274.3233820043192,2283.7431640625,2537422
2026-05-21,2287.275643394801,2292.0836345084317,2270.594525446405,2283.546875,3299087
2026-05-22,2287.373709336333,2296.1066687906364,2264.805139514887,2273.83251953125,2617262
2026-05-25,2312.3217190072714,2313.415817804508,2280.496215777924,2295.61328125,3298364
2026-05-26,2295.613098349941,2315.205623652634,2260.008270887014,2263.78759765625,3587597
2026-05-27,2262.5943570616037,2283.0821217701528,2248.571147658945,2271.744140625,2653950
2026-05-28,2271.744140625,2271.744140625,2271.744140625,2271.744140625,0
2026-05-29,2278.507085795833,2321.2726050840133,2222.81245602518,2246.58203125,16331582
2026-06-01,2271.5452382799426,2322.267132829976,2267.5670504720965,2284.8720703125,7505095
2026-06-02,2307.34897134468,2443.9996279549005,2303.569644295269,2433.556884765625,11306127
2026-06-03,2379.9508308808004,2379.9508308808004,2212.6680838914085,2229.475830078125,15660062
2026-06-04,2229.4759194813155,2240.8139007540485,2204.5129359355733,2228.77978515625,4867263
2026-06-05,2250.560184151513,2259.4117976453776,2180.0469028924485,2186.9091796875,5019717
2026-06-08,2158.1668832997775,2165.128711955583,2131.6125282744956,2139.668212890625,6536734
2026-06-09,2162.145087858845,2162.145087858845,2121.169801728995,2139.2705078125,4148655
2026-06-10,2139.568864676436,2168.907999188303,2133.1043096144995,2142.154541015625,2848650
2026-06-11,2115.4013888441136,2142.8509821277357,2098.494090484758,2123.95458984375,3079815
2026-06-12,2138.276030955957,2156.177876796519,2126.3414670622496,2149.61376953125,2124656
2026-06-15,2180.046856932239,2180.046856932239,2147.525221086398,2150.21044921875,3337083
2026-06-16,2155.183285992923,2196.954258771743,2148.818282502735,2187.0087890625,3079898
2026-06-17,2196.9542720106556,2218.8343055028395,2188.6994835403766,2210.8779296875,2865010
2026-06-18,2196.9542695909468,2201.927004470057,2170.101501243751,2191.285400390625,3735188
2026-06-19,2093.521413717831,2126.341464384191,2048.6672473500757,2113.412353515625,13286502
2026-06-22,2120.5729308842238,2145.237743488044,2109.434053749718,2116.197021484375,4566101
2026-06-23,2099.4885101234904,2102.4721508294924,2043.7938836114508,2048.368896484375,6392736
2026-06-24,2049.7612582514666,2109.1356624395376,2049.7612582514666,2097.49951171875,4747277
2026-06-25,2121.965363861958,2136.78401555451,2076.61392807904,2083.27734375,4738903
2026-06-26,2083.27734375,2083.27734375,2083.27734375,2083.27734375,0
2026-06-29,2078.6031371123327,2093.521341445675,2059.706744956766,2086.4599609375,3412470
2026-06-30,2078.60311543387,2092.8251853118586,2007.791421498655,2020.422119140625,6848411
2026-07-01,2028.776408877907,2040.8104030555382,1966.0205187179013,1971.788818359375,4658295
2026-07-02,1997.0503819057583,2065.5745732846704,1991.580373389582,2056.82275390625,6040621
2026-07-03,2088.5485393778363,2105.0581154318793,2073.6303355251375,2082.083984375,4028819
2026-07-06,2078.6031065753987,2081.5867473982344,2039.4180542258837,2046.3798828125,2567386
2026-07-07,2038.8212111731864,2111.124724588052,2037.8266642409067,2084.669921875,4769048
2026-07-08,2082.5813599967723,2098.1956989000228,2037.6278854106638,2046.2803955078125,3666985
2026-07-09,2046.280350211656,2053.7394523387943,2005.006651774823,2038.323974609375,3791498
2026-07-10,2093.7200783959847,2121.666943317309,2053.341620075063,2057.717529296875,6714551
2026-07-13,2063.684994131224,2192.8765503750355,2053.8390761022306,2169.604248046875,12382622
2026-07-14,2170.996422535663,2215.850586742918,2167.1177865856457,2188.60009765625,9546290
2026-07-15,2174.10009765625,2202.89990234375,2145.39990234375,2189.199951171875,5426489
2026-07-16,2206.0,2231.39990234375,2187.800048828125,2201.0,5197595
2026-07-17,2224.800048828125,2275.0,2215.10009765625,2269.0,5615138
2026-07-20,2280.10009765625,2283.39990234375,2245.10009765625,2251.10009765625,2202693
2026-07-21,2245.10009765625,2259.89990234375,2218.5,2221.10009765625,2382160
2026-07-22,2216.0,2226.800048828125,2201.0,2208.300048828125,1599665
2026-07-23,2204.0,2250.0,2193.60009765625,2242.89990234375,2503539
2026-07-24,2205.10009765625,2264.300048828125,2205.10009765625,2254.300048828125,3211699
2026-07-27,2286.0,2315.0,2272.39990234375,2295.60009765625,4007292
2026-07-28,2325.0,2417.39990234375,2323.0,2398.0,8248513
2026-07-29,2440.0,2475.5,2415.10009765625,2446.60009765625,7169419
2026-07-30,2440.0,2495.0,2423.0,2431.800048828125,4901582
2026-07-31,2385.0,2391.0,2326.10009765625,2365.60009765625,4343683
2026-08-03,2383.89990234375,2473.699951171875,2383.0,2473.699951171875,3036839
2026-08-04,2463.10009765625,2467.39990234375,2435.10009765625,2460.0,2792792
2026-08-05,2460.0,2460.89990234375,2408.0,2413.0,3014409
2026-08-06,2417.0,2434.5,2368.5,2373.0,2729141
2026-08-07,2375.0,2457.699951171875,2375.0,2452.699951171875,4547979
2026-08-10,2452.699951171875,2472.89990234375,2423.5,2425.699951171875,2322023
2026-08-11,2438.0,2456.60009765625,2428.0,2445.699951171875,1514105
2026-08-12,2445.699951171875,2445.800048828125,2300.10009765625,2349.699951171875,7022647
2026-08-13,2349.699951171875,2375.0,2332.300048828125,2375.0,2123494
2026-08-14,2375.10009765625,2390.0,2333.39990234375,2361.0,2232160
2026-08-17,2351.0,2361.10009765625,2310.60009765625,2313.199951171875,2237636
2026-08-18,2300.0,2307.0,2280.0,2280.0,1797822
2026-08-19,2293.60009765625,2308.199951171875,2258.300048828125,2289.0,3368922
2026-08-20,2319.39990234375,2329.0,2288.10009765625,2298.0,2047848
2026-08-21,2290.10009765625,2307.199951171875,2263.300048828125,2302.0,2066749
2026-08-24,2302.39990234375,2321.60009765625,2279.5,2284.10009765625,1542723
2026-08-25,2305.0,2313.5,2262.0,2296.199951171875,3041609
2026-08-26,2305.10009765625,2306.300048828125,2266.39990234375,2270.0,1660737
2026-08-27,2270.0,2283.60009765625,2243.89990234375,2248.39990234375,1709113
2026-08-28,2272.0,2348.5,2263.300048828125,2342.0,4054069
2026-08-31,2342.0,2399.300048828125,2306.199951171875,2399.300048828125,2905846
2026-09-01,2355.0,2372.0,2325.0,2369.0,2678034
2026-09-02,2347.89990234375,2363.0,2303.5,2348.0,2533005
2026-09-03,2353.60009765625,2353.60009765625,2316.10009765625,2320.10009765625,1892786
2026-09-04,2330.0,2363.89990234375,2302.39990234375,2304.0,2564322
